uuid,cargo_place_uuid,document_uuid,document_type,operation_type,current_office_uuid,previous_office_uuid,date_created,tab_changed
7344ac06-e76f-4633-b54d-212447a1272a,c9d1ca03-3db7-4c2a-be7b-d84f19be615d,38fec812-e100-4694-be85-8ad75eb089db,SHIPMENT,DOCUMENT_ADD_CARGO_PLACE,38090d9d-dbc3-4a39-be44-b76cc7a4c168,,2026-03-22 10:10:32.700,2026-03-23 15:59:31.176
eb83476d-e680-4753-9f8b-f0834f69d792,c9d1ca03-3db7-4c2a-be7b-d84f19be615d,38fec812-e100-4694-be85-8ad75eb089db,SHIPMENT,SHIPMENT_SET_DATE_SEND,,38090d9d-dbc3-4a39-be44-b76cc7a4c168,2026-03-22 10:10:53.115,2026-03-23 15:59:31.176
585577f7-d5e1-4912-9a20-670346f4c3ab,c9d1ca03-3db7-4c2a-be7b-d84f19be615d,b6d36106-fb1f-416d-8ed7-56efcf8e7cf3,SHIPMENT,SHIPMENT_SET_DATE_RECEIVE,e8b21208-3d75-40b9-a929-70769e9a4ce5,ef4d26d2-2d4a-4cc7-ba27-b376cc807ebb,2026-03-21 00:04:25.201,2026-03-22 06:15:58.998
cba77a97-6854-4592-8232-8d98f00025ce,c9d1ca03-3db7-4c2a-be7b-d84f19be615d,38fec812-e100-4694-be85-8ad75eb089db,SHIPMENT,SHIPMENT_SET_DATE_RECEIVE,673d6cb5-7316-4a43-b704-7d71ff9e6673,38090d9d-dbc3-4a39-be44-b76cc7a4c168,2026-03-22 11:01:08.317,2026-03-23 15:59:31.176
5dfaf59c-c8ba-4dab-a359-29981c960288,c9d1ca03-3db7-4c2a-be7b-d84f19be615d,aff4f6ce-e2fa-4516-8e37-a1cc9657b4da,DELIVERY,DOCUMENT_ADD_CARGO_PLACE,673d6cb5-7316-4a43-b704-7d71ff9e6673,,2026-03-22 15:33:16.809,2026-03-23 23:48:50.166
a4652967-4ed6-48a0-95bd-677fc28164e7,c9d1ca03-3db7-4c2a-be7b-d84f19be615d,d32d3eb9-4680-4c0b-8b78-48930a5f302c,ACCEPTANCE,DOCUMENT_ADD_CARGO_PLACE,673d6cb5-7316-4a43-b704-7d71ff9e6673,,2026-03-22 11:04:13.555,2026-03-23 15:59:31.176
a28daa2b-35f5-48d7-86ad-0e47a9d2153a,c9d1ca03-3db7-4c2a-be7b-d84f19be615d,01da8d97-1c9e-46d7-a16c-c45f5f3261a1,PRIME_INCOME,PRIME_INCOME_FILLING,ef4d26d2-2d4a-4cc7-ba27-b376cc807ebb,,2026-03-20 19:58:56.692,2026-03-22 02:31:18.649
10d4fee6-98d2-4c7e-9cc4-d8a7630deddf,c9d1ca03-3db7-4c2a-be7b-d84f19be615d,e63ca05c-014f-406c-9ef6-a98516e64685,SHIPMENT,SHIPMENT_SET_DATE_SEND,,e8b21208-3d75-40b9-a929-70769e9a4ce5,2026-03-21 12:47:10.809,2026-03-22 16:46:30.470
40fc6cc6-5849-4bd5-8c90-6d8da4597f3d,c9d1ca03-3db7-4c2a-be7b-d84f19be615d,f92206bb-a288-4a34-b604-c249bbb8fa2a,CONSOLIDATION,DOCUMENT_ADD_CARGO_PLACE,ef4d26d2-2d4a-4cc7-ba27-b376cc807ebb,,2026-03-20 20:46:39.325,2026-03-22 02:31:18.649
39cb46dc-4706-4f6b-8ba1-676a44c5356e,c9d1ca03-3db7-4c2a-be7b-d84f19be615d,7afc45ae-9b67-4afb-a625-5b0835de45a8,CORRECTION_INCOME,DOCUMENT_ADD_CARGO_PLACE,e8b21208-3d75-40b9-a929-70769e9a4ce5,,2026-03-21 02:00:01.375,2026-03-22 06:15:58.998
5eb5e3b9-b1ec-44e1-bfe4-c57ea37a2b86,c9d1ca03-3db7-4c2a-be7b-d84f19be615d,f0a04098-745d-4930-a758-7c68c0e5adab,ACCEPTANCE,DOCUMENT_ADD_CARGO_PLACE,e8b21208-3d75-40b9-a929-70769e9a4ce5,,2026-03-21 01:30:09.741,2026-03-22 06:15:58.998
6f1f4cfa-a35b-41f2-abc2-c30b9da6dcc4,c9d1ca03-3db7-4c2a-be7b-d84f19be615d,f9c57b9c-f665-47c8-ae5d-7063f5dcc7f0,CONSOLIDATION,DOCUMENT_ADD_CARGO_PLACE,e8b21208-3d75-40b9-a929-70769e9a4ce5,,2026-03-21 02:00:05.082,2026-03-22 06:15:58.998
6c150313-1fee-402b-aaea-f04b716276e3,c9d1ca03-3db7-4c2a-be7b-d84f19be615d,e63ca05c-014f-406c-9ef6-a98516e64685,SHIPMENT,DOCUMENT_ADD_CARGO_PLACE,e8b21208-3d75-40b9-a929-70769e9a4ce5,,2026-03-21 12:38:29.789,2026-03-22 16:46:30.470
6bd4025c-fb4c-4d3a-a10c-71b7af7cfbe3,c9d1ca03-3db7-4c2a-be7b-d84f19be615d,b68b0353-cf2f-4382-bc58-09d044c7348a,DECONSOLIDATION,DOCUMENT_ADD_CARGO_PLACE,38090d9d-dbc3-4a39-be44-b76cc7a4c168,,2026-03-22 03:40:51.181,2026-03-23 07:39:02.036
8592f213-e7da-41a4-bec1-0d0cda545393,c9d1ca03-3db7-4c2a-be7b-d84f19be615d,b6d36106-fb1f-416d-8ed7-56efcf8e7cf3,SHIPMENT,SHIPMENT_SET_DATE_SEND,,ef4d26d2-2d4a-4cc7-ba27-b376cc807ebb,2026-03-20 20:57:45.210,2026-03-22 02:31:18.649
1f3a6daa-6b8f-4ba3-8fc7-64b09f8460a0,c9d1ca03-3db7-4c2a-be7b-d84f19be615d,dca32e7e-39b1-44a9-964a-0dd0e0987215,DECONSOLIDATION,DOCUMENT_ADD_CARGO_PLACE,e8b21208-3d75-40b9-a929-70769e9a4ce5,,2026-03-21 01:30:31.435,2026-03-22 06:15:58.998
98928536-a3fa-4136-8d0c-7b5df8c3f590,c9d1ca03-3db7-4c2a-be7b-d84f19be615d,a23022d7-8ddb-409a-9e98-8a8d72547ab3,DECONSOLIDATION,DOCUMENT_ADD_CARGO_PLACE,673d6cb5-7316-4a43-b704-7d71ff9e6673,,2026-03-22 11:05:01.805,2026-03-23 15:59:31.176
e36fc14c-380c-479e-b24b-2ec261c78c31,c9d1ca03-3db7-4c2a-be7b-d84f19be615d,5907a52a-4f55-4caf-8f6b-8b8c4b909bf3,DELIVERY,DOCUMENT_ADD_CARGO_PLACE,673d6cb5-7316-4a43-b704-7d71ff9e6673,,2026-03-22 11:33:24.355,2026-03-23 15:59:31.176
7fdbfead-5986-426b-bc59-4c368ae02524,c9d1ca03-3db7-4c2a-be7b-d84f19be615d,5980803f-715b-4294-ac99-8c1a487da454,CONSOLIDATION,DOCUMENT_ADD_CARGO_PLACE,e8b21208-3d75-40b9-a929-70769e9a4ce5,,2026-03-21 01:30:36.253,2026-03-22 06:15:58.998
0ca73c1e-9389-4d9f-8e78-04b15fad1bf9,c9d1ca03-3db7-4c2a-be7b-d84f19be615d,e63ca05c-014f-406c-9ef6-a98516e64685,SHIPMENT,SHIPMENT_SET_DATE_RECEIVE,38090d9d-dbc3-4a39-be44-b76cc7a4c168,e8b21208-3d75-40b9-a929-70769e9a4ce5,2026-03-22 02:52:27.537,2026-03-23 07:39:02.036
eb15981e-17b9-4872-b338-f36eac99b319,c9d1ca03-3db7-4c2a-be7b-d84f19be615d,b6d36106-fb1f-416d-8ed7-56efcf8e7cf3,SHIPMENT,DOCUMENT_ADD_CARGO_PLACE,ef4d26d2-2d4a-4cc7-ba27-b376cc807ebb,,2026-03-20 20:57:21.831,2026-03-22 02:31:18.649
70802180-c824-4bfd-92bb-2c151f8ded94,c9d1ca03-3db7-4c2a-be7b-d84f19be615d,8010c0bb-36a1-4d76-ab32-4e6774f67d11,ACCEPTANCE,DOCUMENT_ADD_CARGO_PLACE,38090d9d-dbc3-4a39-be44-b76cc7a4c168,,2026-03-22 03:40:40.472,2026-03-23 07:39:02.036
cb148ebd-424f-449d-9e62-f683aaa3ccd9,c9d1ca03-3db7-4c2a-be7b-d84f19be615d,93dfe40d-05dd-4657-98e9-2712f9be3b53,RETURN_UNDELIVERED,DOCUMENT_ADD_CARGO_PLACE,673d6cb5-7316-4a43-b704-7d71ff9e6673,,2026-03-22 12:32:19.897,2026-03-23 18:17:09.731
334fd2ea-e297-46fc-bb50-41b6c86edef8,c9d1ca03-3db7-4c2a-be7b-d84f19be615d,e63ca05c-014f-406c-9ef6-a98516e64685,SHIPMENT,SHIPMENT_SET_DATE_RECEIVE,38090d9d-dbc3-4a39-be44-b76cc7a4c168,e8b21208-3d75-40b9-a929-70769e9a4ce5,2026-03-22 02:47:05.571,2026-03-23 07:39:02.036
89527d39-a027-4004-8346-076a401e5c0e,c9d1ca03-3db7-4c2a-be7b-d84f19be615d,ccd89ad6-bf83-4054-9699-c6a0573c3952,CONSOLIDATION,DOCUMENT_ADD_CARGO_PLACE,38090d9d-dbc3-4a39-be44-b76cc7a4c168,,2026-03-22 06:10:36.800,2026-03-23 10:23:20.908
89ecd8bf-bdc7-4c9e-8715-b87266587c22,529c9def-c5d1-44f0-9d20-674e0ac5774a,94013e10-5b8a-44fd-b22f-a7b94fc038f5,CORRECTION_INCOME,DOCUMENT_ADD_CARGO_PLACE,b6ec1cbf-9889-47a0-85ed-de079a1064d9,,2026-03-17 19:29:40.490,2026-03-18 23:47:29.764
a09996fe-18bc-4b53-9fe6-3f4026fc89ad,529c9def-c5d1-44f0-9d20-674e0ac5774a,3ab3656e-457d-43ff-bb99-850e6789206d,ACCEPTANCE,SHIPMENT_SET_DATE_RECEIVE,38090d9d-dbc3-4a39-be44-b76cc7a4c168,b6ec1cbf-9889-47a0-85ed-de079a1064d9,2026-03-16 19:37:56.283,2026-03-17 23:46:45.136
65d42609-7d92-49dc-bca2-62539c906d7f,529c9def-c5d1-44f0-9d20-674e0ac5774a,be86f601-9f50-4c8b-8d8d-6971e9bafa63,SHIPMENT,DOCUMENT_ADD_CARGO_PLACE,b6ec1cbf-9889-47a0-85ed-de079a1064d9,,2026-03-16 17:21:25.707,2026-03-17 23:46:45.136
6e2dcab5-6d18-48ad-8cfb-bc4ec21b2753,529c9def-c5d1-44f0-9d20-674e0ac5774a,10a0dcdc-a30d-4150-8513-bd60e67c6c95,DELIVERY,DOCUMENT_ADD_CARGO_PLACE,b6ec1cbf-9889-47a0-85ed-de079a1064d9,,2026-03-18 11:47:23.260,2026-03-19 15:40:18.482
50f6c4c5-5386-4f12-a65c-4326a25a0543,529c9def-c5d1-44f0-9d20-674e0ac5774a,01b6aabe-4413-43b1-aeff-b451b22be4f4,PRIME_INCOME,PRIME_INCOME_FILLING,b6ec1cbf-9889-47a0-85ed-de079a1064d9,,2026-03-16 12:13:32.540,2026-03-17 18:07:26.709
c4430a5d-55c6-4b5e-a582-0f38b6b0c451,529c9def-c5d1-44f0-9d20-674e0ac5774a,3ab3656e-457d-43ff-bb99-850e6789206d,ACCEPTANCE,DOCUMENT_ADD_CARGO_PLACE,38090d9d-dbc3-4a39-be44-b76cc7a4c168,,2029-03-16 19:22:57.002,2026-03-17 23:46:45.136
bc6d9ab8-75e3-48d3-a634-f265c7b57d3a,529c9def-c5d1-44f0-9d20-674e0ac5774a,2a2dc62b-4ccf-4d51-8f30-ae1ce38c1244,CONSOLIDATION,DOCUMENT_ADD_CARGO_PLACE,b6ec1cbf-9889-47a0-85ed-de079a1064d9,,2026-03-16 13:51:12.342,2026-03-17 18:07:26.709
43bc0206-865e-45de-b4da-00adc871261f,529c9def-c5d1-44f0-9d20-674e0ac5774a,be86f601-9f50-4c8b-8d8d-6971e9bafa63,SHIPMENT,SHIPMENT_SET_DATE_SEND,,b6ec1cbf-9889-47a0-85ed-de079a1064d9,2026-03-16 17:22:50.584,2026-03-17 23:46:45.136
ac4e29da-7e62-4d74-ba71-55bb6d738890,98b97815-a683-4c1d-9386-7395fbaffb2d,fa71bfa6-f940-4444-9186-ebc655e81bc1,SHIPMENT,SHIPMENT_SET_DATE_RECEIVE,e8b21208-3d75-40b9-a929-70769e9a4ce5,d76133ec-63ce-4ff3-9637-a1fbe880d980,2026-03-20 14:26:46.277,2026-03-22 02:31:18.649
9a4cec0f-b121-4d7d-a3f1-01b5e4fc56e1,98b97815-a683-4c1d-9386-7395fbaffb2d,494343ee-37b4-4945-a0e9-4a1a84dbf55a,ACCEPTANCE,DOCUMENT_ADD_CARGO_PLACE,e8b21208-3d75-40b9-a929-70769e9a4ce5,,2026-03-20 14:47:44.312,2026-03-22 02:31:18.649
6a787f33-b390-4e52-842c-66af1663fec6,98b97815-a683-4c1d-9386-7395fbaffb2d,8c4b1833-6a3f-48dc-85ee-8bcb19572482,CONSOLIDATION,DOCUMENT_ADD_CARGO_PLACE,38090d9d-dbc3-4a39-be44-b76cc7a4c168,,2026-03-22 06:25:41.893,2026-03-23 10:23:20.908
d945b570-ec75-4ef8-b59d-7c1b3156fccf,98b97815-a683-4c1d-9386-7395fbaffb2d,9df34808-5ddb-416f-ad36-a23537bc6772,SHIPMENT,DOCUMENT_ADD_CARGO_PLACE,38090d9d-dbc3-4a39-be44-b76cc7a4c168,,2026-03-22 10:03:13.720,2026-03-23 15:59:31.176
a73a141d-1197-4eee-9425-6ef0b7ab098f,98b97815-a683-4c1d-9386-7395fbaffb2d,77a57d67-52bf-4d69-ac3c-2da5be197e0c,SHIPMENT,DOCUMENT_ADD_CARGO_PLACE,24685a2c-642b-4d60-8553-b1db58f6bab6,,2026-03-19 10:45:21.818,2026-03-20 14:00:02.438
1c5ea93c-fb8b-4e2d-ae0c-204adce6370f,98b97815-a683-4c1d-9386-7395fbaffb2d,a45c1beb-5283-4e80-a385-5c43564893ce,DECONSOLIDATION,DOCUMENT_ADD_CARGO_PLACE,38090d9d-dbc3-4a39-be44-b76cc7a4c168,,2026-03-22 05:00:24.193,2026-03-23 10:23:20.908
84cc4101-b7e0-4e9a-8791-51525134cb97,98b97815-a683-4c1d-9386-7395fbaffb2d,1577d831-9b43-4882-845a-4632883b8774,SHIPMENT,SHIPMENT_SET_DATE_SEND,,cafd12fe-5bc5-47f4-ab27-c639d583df46,2026-03-18 19:16:54.244,2026-03-19 23:50:47.309
47bb92a5-26dc-463d-9bb5-203fe4a273b9,98b97815-a683-4c1d-9386-7395fbaffb2d,f39164e6-f3f6-462a-bc50-5aaa400afb6a,ACCEPTANCE,DOCUMENT_ADD_CARGO_PLACE,24685a2c-642b-4d60-8553-b1db58f6bab6,,2026-03-18 20:37:23.767,2026-03-20 05:17:13.239
62c91502-e8cd-418f-b5fe-ba5c645295a0,98b97815-a683-4c1d-9386-7395fbaffb2d,e41083d1-8727-4198-9202-7d7d68213cbd,CONSOLIDATION,DOCUMENT_ADD_CARGO_PLACE,d76133ec-63ce-4ff3-9637-a1fbe880d980,,2026-03-19 16:16:24.464,2026-03-20 23:46:43.127
b4ca945b-f154-4c55-b863-15c215d71d64,98b97815-a683-4c1d-9386-7395fbaffb2d,9417c21e-231f-4f70-81a0-15dedfb4f923,ACCEPTANCE,DOCUMENT_ADD_CARGO_PLACE,38090d9d-dbc3-4a39-be44-b76cc7a4c168,,2026-03-22 04:58:38.276,2026-03-23 10:23:20.908
760e8df1-e54a-4aa9-b681-a8a181d43883,98b97815-a683-4c1d-9386-7395fbaffb2d,ade3e6ed-22e9-4a05-b7ef-98524a3fd37c,CONSOLIDATION,DOCUMENT_ADD_CARGO_PLACE,24685a2c-642b-4d60-8553-b1db58f6bab6,,2026-03-18 20:39:11.396,2026-03-20 05:17:13.239
39b76f17-2eca-40c2-b351-4f92e4cad804,98b97815-a683-4c1d-9386-7395fbaffb2d,77a57d67-52bf-4d69-ac3c-2da5be197e0c,SHIPMENT,SHIPMENT_SET_DATE_RECEIVE,d76133ec-63ce-4ff3-9637-a1fbe880d980,24685a2c-642b-4d60-8553-b1db58f6bab6,2026-03-19 15:41:32.593,2026-03-20 23:46:43.127
f4d3ae59-ee16-4fa0-9fbf-2830733f50e3,98b97815-a683-4c1d-9386-7395fbaffb2d,e63ca05c-014f-406c-9ef6-a98516e64685,SHIPMENT,DOCUMENT_ADD_CARGO_PLACE,e8b21208-3d75-40b9-a929-70769e9a4ce5,,2026-03-21 11:26:56.811,2026-03-22 16:46:30.470
79012675-c68d-444c-9ccc-0aafbfc5a8ca,98b97815-a683-4c1d-9386-7395fbaffb2d,6e60c795-a586-4704-8c66-8904b49589d8,ACCEPTANCE,DOCUMENT_ADD_CARGO_PLACE,cd221cdb-4df3-4939-9939-b550addeec6b,,2026-03-22 11:01:04.164,2026-03-23 15:59:31.176
a0717964-4bb5-448b-a474-5f6619020b15,98b97815-a683-4c1d-9386-7395fbaffb2d,a967b837-9fb8-417b-85ca-5b50985e6683,DECONSOLIDATION,DOCUMENT_ADD_CARGO_PLACE,e8b21208-3d75-40b9-a929-70769e9a4ce5,,2026-03-20 14:54:03.130,2026-03-22 02:31:18.649
7d0b079e-ada2-483a-8b7e-7eeccc8bfb0b,98b97815-a683-4c1d-9386-7395fbaffb2d,e63ca05c-014f-406c-9ef6-a98516e64685,SHIPMENT,SHIPMENT_SET_DATE_RECEIVE,38090d9d-dbc3-4a39-be44-b76cc7a4c168,e8b21208-3d75-40b9-a929-70769e9a4ce5,2026-03-22 02:52:49.164,2026-03-23 07:39:02.036
22a2b9cd-86b2-4fdd-a5b9-851fcd9b0d2e,98b97815-a683-4c1d-9386-7395fbaffb2d,a77e29f5-a273-4bdf-811e-ced392492d98,CONSOLIDATION,DOCUMENT_ADD_CARGO_PLACE,38090d9d-dbc3-4a39-be44-b76cc7a4c168,,2026-03-22 06:25:50.554,2026-03-23 10:23:20.908
3a92df53-ef94-42d6-917d-71a2d1bd2a2b,98b97815-a683-4c1d-9386-7395fbaffb2d,fa71bfa6-f940-4444-9186-ebc655e81bc1,SHIPMENT,DOCUMENT_ADD_CARGO_PLACE,d76133ec-63ce-4ff3-9637-a1fbe880d980,,2026-03-19 16:16:26.827,2026-03-20 23:46:43.127
8fe170cf-34a5-486c-aa34-3b9246f060cb,98b97815-a683-4c1d-9386-7395fbaffb2d,2be9def5-8a30-4f42-af7e-7b7e787da8ec,PRIME_INCOME,PRIME_INCOME_FILLING,cafd12fe-5bc5-47f4-ab27-c639d583df46,,2026-03-18 17:55:58.520,2026-03-19 23:50:47.309
f574f3d8-175e-445c-86dc-69a8b71d86f9,98b97815-a683-4c1d-9386-7395fbaffb2d,9068beaf-d029-4a7a-a81e-cd9e9b387adf,DECONSOLIDATION,DOCUMENT_ADD_CARGO_PLACE,24685a2c-642b-4d60-8553-b1db58f6bab6,,2026-03-18 20:39:01.543,2026-03-20 05:17:13.239
c78d837c-0ad7-49a5-ad86-cda96ba8bc92,98b97815-a683-4c1d-9386-7395fbaffb2d,fa71bfa6-f940-4444-9186-ebc655e81bc1,SHIPMENT,SHIPMENT_SET_DATE_SEND,,d76133ec-63ce-4ff3-9637-a1fbe880d980,2026-03-19 20:52:13.416,2026-03-21 05:16:38.036
dc9e0d11-7b02-4470-8f15-d43154129dd4,98b97815-a683-4c1d-9386-7395fbaffb2d,77a57d67-52bf-4d69-ac3c-2da5be197e0c,SHIPMENT,SHIPMENT_SET_DATE_SEND,,24685a2c-642b-4d60-8553-b1db58f6bab6,2026-03-19 10:46:12.822,2026-03-20 14:00:02.438
0abd7252-a847-4b4e-b3c5-5c0a098d2361,98b97815-a683-4c1d-9386-7395fbaffb2d,9df34808-5ddb-416f-ad36-a23537bc6772,SHIPMENT,SHIPMENT_SET_DATE_RECEIVE,cd221cdb-4df3-4939-9939-b550addeec6b,38090d9d-dbc3-4a39-be44-b76cc7a4c168,2026-03-22 10:48:25.790,2026-03-23 15:59:31.176
bba1f94c-3935-4ba4-b983-16d88d66ebf0,98b97815-a683-4c1d-9386-7395fbaffb2d,76eba653-7e02-4369-8f08-4e810dfd0860,ACCEPTANCE,DOCUMENT_ADD_CARGO_PLACE,d76133ec-63ce-4ff3-9637-a1fbe880d980,,2026-03-19 15:52:06.488,2026-03-20 23:46:43.127
7d8a5cf9-d80f-4c91-ad2a-25ca19a26d87,98b97815-a683-4c1d-9386-7395fbaffb2d,e63ca05c-014f-406c-9ef6-a98516e64685,SHIPMENT,SHIPMENT_SET_DATE_RECEIVE,38090d9d-dbc3-4a39-be44-b76cc7a4c168,e8b21208-3d75-40b9-a929-70769e9a4ce5,2026-03-22 02:47:26.223,2026-03-23 07:39:02.036
82b8afe3-c301-4ce4-a14b-789391320f88,98b97815-a683-4c1d-9386-7395fbaffb2d,e63ca05c-014f-406c-9ef6-a98516e64685,SHIPMENT,SHIPMENT_SET_DATE_SEND,,e8b21208-3d75-40b9-a929-70769e9a4ce5,2026-03-21 12:47:30.258,2026-03-22 16:46:30.470
dff1ab3e-553c-4cb3-a605-348e60687008,98b97815-a683-4c1d-9386-7395fbaffb2d,e2153b80-06ac-4c92-a63b-6f830856f1a3,DELIVERY,DOCUMENT_ADD_CARGO_PLACE,cd221cdb-4df3-4939-9939-b550addeec6b,,2026-03-22 14:28:17.518,2026-03-23 18:17:09.731
f0460a7e-2def-420a-891e-1f7051feb3aa,98b97815-a683-4c1d-9386-7395fbaffb2d,cf24d112-9e49-442e-9e09-9b4386ce99fc,CORRECTION_INCOME,DOCUMENT_ADD_CARGO_PLACE,38090d9d-dbc3-4a39-be44-b76cc7a4c168,,2026-03-22 06:25:49.568,2026-03-23 10:23:20.908
7e973f86-a31f-4ad3-858f-513898ec92a9,98b97815-a683-4c1d-9386-7395fbaffb2d,012cab65-e581-4638-80fd-4b885104d023,DECONSOLIDATION,DOCUMENT_ADD_CARGO_PLACE,cd221cdb-4df3-4939-9939-b550addeec6b,,2026-03-22 11:27:20.424,2026-03-23 15:59:31.176
382a49b3-0a18-45f9-ac1e-70694cb06369,98b97815-a683-4c1d-9386-7395fbaffb2d,9455ff31-27fb-49d4-b128-cd0e36bfc8ba,CONSOLIDATION,DOCUMENT_ADD_CARGO_PLACE,cafd12fe-5bc5-47f4-ab27-c639d583df46,,2026-03-18 18:00:59.933,2026-03-19 23:50:47.309
f3e152f7-86ba-4dd7-a30f-fff54c48dc48,98b97815-a683-4c1d-9386-7395fbaffb2d,ad45cf6a-796e-4031-8ae7-9b1b0e0b2145,CONSOLIDATION,DOCUMENT_ADD_CARGO_PLACE,e8b21208-3d75-40b9-a929-70769e9a4ce5,,2026-03-20 14:59:00.946,2026-03-22 02:31:18.649
52cf3017-f75c-432b-92d4-517ee23d1646,98b97815-a683-4c1d-9386-7395fbaffb2d,1577d831-9b43-4882-845a-4632883b8774,SHIPMENT,SHIPMENT_SET_DATE_RECEIVE,24685a2c-642b-4d60-8553-b1db58f6bab6,cafd12fe-5bc5-47f4-ab27-c639d583df46,2026-03-18 19:38:24.836,2026-03-19 23:50:47.309
e50678f4-55dc-43ac-a9b6-7ea8981f9731,98b97815-a683-4c1d-9386-7395fbaffb2d,1577d831-9b43-4882-845a-4632883b8774,SHIPMENT,DOCUMENT_ADD_CARGO_PLACE,cafd12fe-5bc5-47f4-ab27-c639d583df46,,2026-03-18 19:16:09.824,2026-03-19 23:50:47.309
708eabac-b8db-4649-afb4-910cdf12895a,98b97815-a683-4c1d-9386-7395fbaffb2d,9df34808-5ddb-416f-ad36-a23537bc6772,SHIPMENT,SHIPMENT_SET_DATE_SEND,,38090d9d-dbc3-4a39-be44-b76cc7a4c168,2026-03-22 10:13:47.977,2026-03-23 15:59:31.176
37ad2c46-35ad-4624-9be9-ad58040ecee4,dea1df91-449c-4d65-a74f-d90973de9bb5,999bbb79-085f-4a86-abdd-eddc9ed816b8,SHIPMENT,SHIPMENT_SET_DATE_RECEIVE,38090d9d-dbc3-4a39-be44-b76cc7a4c168,bb33ef54-c381-47c6-bc68-b827cec6014c,2026-03-22 01:21:49.785,2026-03-23 05:16:01.976
8d78afb2-9039-43db-a5ae-2ba3aee1aeac,dea1df91-449c-4d65-a74f-d90973de9bb5,80dfcc6c-f3cf-4341-b7a2-5d17d7057867,SHIPMENT,DOCUMENT_ADD_CARGO_PLACE,38090d9d-dbc3-4a39-be44-b76cc7a4c168,,2026-03-22 12:23:01.936,2026-03-23 18:17:09.731
fed30b0f-bfe6-4925-b7e5-8f160c37fd44,dea1df91-449c-4d65-a74f-d90973de9bb5,339602d1-b1e1-412f-a7a6-15b3baec9040,CONSOLIDATION,DOCUMENT_ADD_CARGO_PLACE,38090d9d-dbc3-4a39-be44-b76cc7a4c168,,2026-03-22 02:38:51.228,2026-03-23 07:39:02.036
0a01f0d8-e7f7-4290-9e5a-50fcc4128165,dea1df91-449c-4d65-a74f-d90973de9bb5,80dfcc6c-f3cf-4341-b7a2-5d17d7057867,SHIPMENT,SHIPMENT_SET_DATE_SEND,,38090d9d-dbc3-4a39-be44-b76cc7a4c168,2026-03-22 12:25:37.236,2026-03-23 18:17:09.731
213526bc-911e-41d5-9ea6-fa80d7e485e3,dea1df91-449c-4d65-a74f-d90973de9bb5,49748e5f-99f4-4e33-bf63-0d4ff627551d,DECONSOLIDATION,DOCUMENT_ADD_CARGO_PLACE,2fd21da0-99d2-474d-aba8-bfdc3a6fea1b,,2026-03-22 13:52:48.847,2026-03-23 18:17:09.731
49944187-79cb-4abd-a9cb-c596d00e7414,dea1df91-449c-4d65-a74f-d90973de9bb5,999bbb79-085f-4a86-abdd-eddc9ed816b8,SHIPMENT,DOCUMENT_ADD_CARGO_PLACE,bb33ef54-c381-47c6-bc68-b827cec6014c,,2026-03-20 14:29:31.134,2026-03-22 02:31:18.649
92bf97d1-2187-44f4-bead-cf54b1da0d93,dea1df91-449c-4d65-a74f-d90973de9bb5,26847ba0-d6c6-433c-a8fb-a9a5f6b974ae,SHIPMENT,SHIPMENT_SET_DATE_SEND,,4203e7c5-a66a-461b-824a-1481a1d36a58,2026-03-19 20:02:02.305,2026-03-21 05:16:38.036
7ca56fa5-3bd1-4dd0-bc51-2254a85e8840,dea1df91-449c-4d65-a74f-d90973de9bb5,1aabb826-6385-46f1-9663-7a289c7be6a7,SHIPMENT,SHIPMENT_SET_DATE_RECEIVE,4203e7c5-a66a-461b-824a-1481a1d36a58,d9afab51-6282-4ecc-8893-719eb69ba863,2026-03-19 16:12:07.036,2026-03-20 23:46:43.127
9e5767e9-4c1b-47d8-970b-11106cecec39,dea1df91-449c-4d65-a74f-d90973de9bb5,1aabb826-6385-46f1-9663-7a289c7be6a7,SHIPMENT,SHIPMENT_SET_DATE_SEND,,d9afab51-6282-4ecc-8893-719eb69ba863,2026-03-18 23:42:19.097,2026-03-20 05:17:13.239
e3e60ba1-309f-4b49-a90a-11a200d86a3b,dea1df91-449c-4d65-a74f-d90973de9bb5,c94e3951-c108-4640-9dc7-59f428a17e4c,ACCEPTANCE,DOCUMENT_ADD_CARGO_PLACE,4203e7c5-a66a-461b-824a-1481a1d36a58,,2026-03-19 16:13:00.462,2026-03-20 23:46:43.127
b4c2e618-826a-4dba-a8f0-d5eaa0549336,dea1df91-449c-4d65-a74f-d90973de9bb5,5aed0d7c-a781-4741-bd9b-a89f34418c96,DECONSOLIDATION,DOCUMENT_ADD_CARGO_PLACE,bb33ef54-c381-47c6-bc68-b827cec6014c,,2026-03-20 06:39:49.051,2026-03-21 11:33:58.463
a30f30e4-f905-4d55-9a3f-c8106ed6c30b,dea1df91-449c-4d65-a74f-d90973de9bb5,26847ba0-d6c6-433c-a8fb-a9a5f6b974ae,SHIPMENT,SHIPMENT_SET_DATE_RECEIVE,bb33ef54-c381-47c6-bc68-b827cec6014c,4203e7c5-a66a-461b-824a-1481a1d36a58,2026-03-20 05:53:22.516,2026-03-21 11:33:58.463
57717a10-3698-41d2-84f6-6d0d834b4d06,dea1df91-449c-4d65-a74f-d90973de9bb5,80dfcc6c-f3cf-4341-b7a2-5d17d7057867,SHIPMENT,SHIPMENT_SET_DATE_RECEIVE,2fd21da0-99d2-474d-aba8-bfdc3a6fea1b,38090d9d-dbc3-4a39-be44-b76cc7a4c168,2026-03-22 13:32:33.740,2026-03-23 18:17:09.731
ac98061b-be8a-4f61-8914-28f55159fc01,dea1df91-449c-4d65-a74f-d90973de9bb5,26847ba0-d6c6-433c-a8fb-a9a5f6b974ae,SHIPMENT,DOCUMENT_ADD_CARGO_PLACE,4203e7c5-a66a-461b-824a-1481a1d36a58,,2026-03-19 20:00:09.971,2026-03-21 05:16:38.036
68bc5d2e-7ede-4ad8-8f5f-42b3a4297fd0,dea1df91-449c-4d65-a74f-d90973de9bb5,8b087048-ea6c-40ee-b7b1-c150769dbcf9,ACCEPTANCE,DOCUMENT_ADD_CARGO_PLACE,bb33ef54-c381-47c6-bc68-b827cec6014c,,2026-03-20 06:01:36.436,2026-03-21 11:33:58.463
3f4f075a-9642-47f5-94d5-1ff707f8252f,dea1df91-449c-4d65-a74f-d90973de9bb5,ba0a04ae-44f2-4831-b9db-4b2c20c06f50,ACCEPTANCE,DOCUMENT_ADD_CARGO_PLACE,2fd21da0-99d2-474d-aba8-bfdc3a6fea1b,,2026-03-22 13:32:50.685,2026-03-23 18:17:09.731
40f567b1-e637-4c41-be9d-6fa1190580a4,dea1df91-449c-4d65-a74f-d90973de9bb5,36cc269f-7595-4ada-8962-bad19668f43b,DECONSOLIDATION,DOCUMENT_ADD_CARGO_PLACE,4203e7c5-a66a-461b-824a-1481a1d36a58,,2026-03-19 16:51:12.766,2026-03-20 23:46:43.127
2279cac5-910e-4aea-8bdc-6826e9799e15,dea1df91-449c-4d65-a74f-d90973de9bb5,f756d1fe-f9bd-4e16-babb-4dd2b5ffc2de,CONSOLIDATION,DOCUMENT_ADD_CARGO_PLACE,4203e7c5-a66a-461b-824a-1481a1d36a58,,2026-03-19 16:51:17.830,2026-03-20 23:46:43.127
9489eb48-6b93-44cd-81f0-2d192b7e7471,dea1df91-449c-4d65-a74f-d90973de9bb5,a470a570-3e60-4450-a88c-4344a12b9e66,PRIME_INCOME,PRIME_INCOME_FILLING,d9afab51-6282-4ecc-8893-719eb69ba863,,2026-03-18 19:18:39.387,2026-03-19 23:50:47.309
a9ff026a-b5a1-4e9d-9c8c-f0c7cba4fca9,dea1df91-449c-4d65-a74f-d90973de9bb5,eb6d28be-6ccd-467c-9a97-62c52529e1ed,CONSOLIDATION,DOCUMENT_ADD_CARGO_PLACE,d9afab51-6282-4ecc-8893-719eb69ba863,,2026-03-18 19:18:52.707,2026-03-19 23:50:47.309
bc18c68c-8802-47ac-9ee9-5a1941cbabbd,dea1df91-449c-4d65-a74f-d90973de9bb5,48edee5c-63f5-4e2a-9d46-68e38c3f3b7c,DECONSOLIDATION,DOCUMENT_ADD_CARGO_PLACE,38090d9d-dbc3-4a39-be44-b76cc7a4c168,,2026-03-22 02:07:58.439,2026-03-23 07:39:02.036
8f70f693-7427-4d80-b41b-34d28ed3832f,dea1df91-449c-4d65-a74f-d90973de9bb5,1aabb826-6385-46f1-9663-7a289c7be6a7,SHIPMENT,DOCUMENT_ADD_CARGO_PLACE,d9afab51-6282-4ecc-8893-719eb69ba863,,2026-03-18 23:06:45.632,2026-03-20 05:17:13.239
f4aefee9-d13b-4f56-b8e3-365684f6cbd1,dea1df91-449c-4d65-a74f-d90973de9bb5,24637626-14ba-464b-997c-112589e26f95,CONSOLIDATION,DOCUMENT_ADD_CARGO_PLACE,bb33ef54-c381-47c6-bc68-b827cec6014c,,2026-03-20 06:39:51.292,2026-03-21 11:33:58.463
eba6e24f-71dc-47f6-9f2b-4a928f5179d6,dea1df91-449c-4d65-a74f-d90973de9bb5,cdc26168-af89-4625-ab69-05b546298708,DELIVERY,DOCUMENT_ADD_CARGO_PLACE,2fd21da0-99d2-474d-aba8-bfdc3a6fea1b,,2026-03-22 14:03:31.927,2026-03-23 18:17:09.731
4c244957-f49a-4348-8828-08ea68a2c9d2,dea1df91-449c-4d65-a74f-d90973de9bb5,999bbb79-085f-4a86-abdd-eddc9ed816b8,SHIPMENT,SHIPMENT_SET_DATE_SEND,,bb33ef54-c381-47c6-bc68-b827cec6014c,2026-03-20 14:54:36.376,2026-03-22 02:31:18.649
5316cfc4-de31-4c6b-b7be-fc343d5d86e9,dea1df91-449c-4d65-a74f-d90973de9bb5,12ded7f3-bbf5-49d7-8ad3-609fb61d9a75,ACCEPTANCE,DOCUMENT_ADD_CARGO_PLACE,38090d9d-dbc3-4a39-be44-b76cc7a4c168,,2026-03-22 02:05:39.951,2026-03-23 07:39:02.036
48b1e959-e2d6-435a-b4be-d9daa863b703,d7a566c4-aa03-42ac-906a-aed9f86ae7a8,805cbb1d-ad83-48c1-b176-0be215c13855,CONSOLIDATION,DOCUMENT_ADD_CARGO_PLACE,bb33ef54-c381-47c6-bc68-b827cec6014c,,2026-03-14 17:07:45.752,2026-03-16 01:05:55.585
b3c7829e-82b9-4ffa-b710-f06b450ef71d,d7a566c4-aa03-42ac-906a-aed9f86ae7a8,fef73b4c-bf53-4d02-b22f-7960a85f34c1,SHIPMENT,SHIPMENT_SET_DATE_SEND,,93d57881-fd88-4c5e-ab7a-103d939a960c,2026-03-14 13:12:30.492,2026-03-16 01:05:55.585
75f60e16-fa4a-4ae5-9420-1c485184587d,d7a566c4-aa03-42ac-906a-aed9f86ae7a8,e2893cf1-87ba-4bd4-a49f-930d16aaeced,RETURN_UNDELIVERED,DOCUMENT_ADD_CARGO_PLACE,9b619adf-338d-4968-841b-afda9182e689,,2026-03-17 13:09:10.224,2026-03-18 19:16:28.333
5dd9fc3b-ff41-4531-bea2-5330a8e54e45,d7a566c4-aa03-42ac-906a-aed9f86ae7a8,a509d31f-8ac5-4d56-8bbf-188110be7ba0,SHIPMENT,SHIPMENT_SET_DATE_RECEIVE,38090d9d-dbc3-4a39-be44-b76cc7a4c168,bb33ef54-c381-47c6-bc68-b827cec6014c,2026-03-17 00:55:52.709,2026-03-18 05:16:36.558
93a5ace1-42c3-401d-bb7c-16195d86a1cb,d7a566c4-aa03-42ac-906a-aed9f86ae7a8,8ebdb201-d4fb-487b-8229-72f0dedf7276,ACCEPTANCE,DOCUMENT_ADD_CARGO_PLACE,38090d9d-dbc3-4a39-be44-b76cc7a4c168,,2026-03-17 01:19:18.525,2026-03-18 05:16:36.558
fb6fadcc-5e4c-4b66-8dbe-e9437835a32c,d7a566c4-aa03-42ac-906a-aed9f86ae7a8,30c2daf7-c530-481e-a49e-e49c9121472a,ACCEPTANCE,DOCUMENT_ADD_CARGO_PLACE,9b619adf-338d-4968-841b-afda9182e689,,2026-03-17 11:55:47.870,2026-03-18 15:47:42.591
42997fd3-9c83-4b56-97e0-1f3b3fdea622,d7a566c4-aa03-42ac-906a-aed9f86ae7a8,9a1d67af-afbb-466b-8c65-286585a42c0d,DELIVERY,DOCUMENT_ADD_CARGO_PLACE,9b619adf-338d-4968-841b-afda9182e689,,2026-03-17 12:33:13.152,2026-03-18 19:16:28.333
41af9a0b-8085-4016-95fd-23c0bd70ccb6,d7a566c4-aa03-42ac-906a-aed9f86ae7a8,9d6ba0a1-4ca9-4f85-8cc9-e0a84df26ef0,DELIVERY,DOCUMENT_ADD_CARGO_PLACE,9b619adf-338d-4968-841b-afda9182e689,,2026-03-17 16:10:45.716,2026-03-18 23:47:29.764
a2385f75-c5c6-40a6-97d8-3aa36433ae02,d7a566c4-aa03-42ac-906a-aed9f86ae7a8,fef73b4c-bf53-4d02-b22f-7960a85f34c1,SHIPMENT,DOCUMENT_ADD_CARGO_PLACE,93d57881-fd88-4c5e-ab7a-103d939a960c,,2026-03-14 13:12:15.572,2026-03-16 01:05:55.585
e4b2fdd4-6484-4dd3-9e79-020fd54b9b99,d7a566c4-aa03-42ac-906a-aed9f86ae7a8,b52708c6-f47c-489a-98e5-f8a204d6391f,CONSOLIDATION,DOCUMENT_ADD_CARGO_PLACE,38090d9d-dbc3-4a39-be44-b76cc7a4c168,,2026-03-17 02:09:35.072,2026-03-18 08:39:26.344
f98de365-bd60-4970-af02-00ee974d72b7,d7a566c4-aa03-42ac-906a-aed9f86ae7a8,a922d8b4-1d20-462a-99e1-cce185712fff,ACCEPTANCE,DOCUMENT_ADD_CARGO_PLACE,bb33ef54-c381-47c6-bc68-b827cec6014c,,2026-03-14 15:52:59.667,2026-03-16 01:05:55.585
5a042cbc-809e-41cd-a9f3-8ce377b3af38,d7a566c4-aa03-42ac-906a-aed9f86ae7a8,fef73b4c-bf53-4d02-b22f-7960a85f34c1,SHIPMENT,SHIPMENT_SET_DATE_RECEIVE,bb33ef54-c381-47c6-bc68-b827cec6014c,93d57881-fd88-4c5e-ab7a-103d939a960c,2026-03-14 15:10:10.317,2026-03-16 01:05:55.585
47524629-4a45-4468-8056-a1c64265d2ab,d7a566c4-aa03-42ac-906a-aed9f86ae7a8,a509d31f-8ac5-4d56-8bbf-188110be7ba0,SHIPMENT,DOCUMENT_ADD_CARGO_PLACE,bb33ef54-c381-47c6-bc68-b827cec6014c,,2026-03-15 14:08:20.843,2026-03-16 23:46:30.066
3b74df80-9218-427f-8d4e-f63f3cf7068b,d7a566c4-aa03-42ac-906a-aed9f86ae7a8,e6df6bf4-27fe-4fa4-ac16-9f68f0a466da,PRIME_INCOME,PRIME_INCOME_FILLING,93d57881-fd88-4c5e-ab7a-103d939a960c,,2026-03-13 20:51:32.317,2026-03-15 01:07:07.759
a63a1c26-0a55-4a5c-9f20-2428b2dd0036,d7a566c4-aa03-42ac-906a-aed9f86ae7a8,f83aa0b2-3863-4aab-b7cb-08d8257c490d,DECONSOLIDATION,DOCUMENT_ADD_CARGO_PLACE,bb33ef54-c381-47c6-bc68-b827cec6014c,,2026-03-14 17:07:37.458,2026-03-16 01:05:55.585
a8498d60-5ad3-4255-9a65-c304076d6fe5,d7a566c4-aa03-42ac-906a-aed9f86ae7a8,ff2091c0-0613-4eb1-9e18-947ff2b76315,SHIPMENT,SHIPMENT_SET_DATE_RECEIVE,9b619adf-338d-4968-841b-afda9182e689,38090d9d-dbc3-4a39-be44-b76cc7a4c168,2026-03-17 11:51:48.539,2026-03-18 15:47:42.591
e486d163-2778-4f2f-ba7a-0834c5038f36,d7a566c4-aa03-42ac-906a-aed9f86ae7a8,a509d31f-8ac5-4d56-8bbf-188110be7ba0,SHIPMENT,SHIPMENT_SET_DATE_SEND,,bb33ef54-c381-47c6-bc68-b827cec6014c,2026-03-15 14:36:02.133,2026-03-16 23:46:30.066
e131815c-4983-4129-89d4-7b1837e43fe1,d7a566c4-aa03-42ac-906a-aed9f86ae7a8,ff2091c0-0613-4eb1-9e18-947ff2b76315,SHIPMENT,SHIPMENT_SET_DATE_SEND,,38090d9d-dbc3-4a39-be44-b76cc7a4c168,2026-03-17 10:18:09.255,2026-03-18 15:47:42.591
080a1602-371b-4559-ad86-6190f5c18b2b,d7a566c4-aa03-42ac-906a-aed9f86ae7a8,ff2091c0-0613-4eb1-9e18-947ff2b76315,SHIPMENT,DOCUMENT_ADD_CARGO_PLACE,38090d9d-dbc3-4a39-be44-b76cc7a4c168,,2026-03-17 09:55:50.600,2026-03-18 13:12:15.564
361019de-0091-4e2f-a00a-7ea222b5186b,d7a566c4-aa03-42ac-906a-aed9f86ae7a8,64b834ee-6df9-4758-8f5e-edce485b19d5,CONSOLIDATION,DOCUMENT_ADD_CARGO_PLACE,93d57881-fd88-4c5e-ab7a-103d939a960c,,2026-03-13 20:55:23.138,2026-03-15 01:07:07.759
2594ed1e-205d-4784-bd0e-0a8de0086142,d7a566c4-aa03-42ac-906a-aed9f86ae7a8,5e63f54c-11a0-4ba7-a1a8-e2c65dd04d19,DECONSOLIDATION,DOCUMENT_ADD_CARGO_PLACE,9b619adf-338d-4968-841b-afda9182e689,,2026-03-17 12:01:21.140,2026-03-18 19:16:28.333
b384489b-7e13-48c5-aec1-49e136ed5411,d7a566c4-aa03-42ac-906a-aed9f86ae7a8,f4f89aaa-7412-473c-adcd-ed28089d605b,DECONSOLIDATION,DOCUMENT_ADD_CARGO_PLACE,38090d9d-dbc3-4a39-be44-b76cc7a4c168,,2026-03-17 01:20:47.009,2026-03-18 05:16:36.558
